{"tipologiaProfilo":[{"id":"Residenti","nome":"Residenti","tipologiaUtenza":"Utenza domestica","descrizione":"Residenti nei Comuni serviti da Asvo"},{"id":"Attività commerciali","nome":"Attività commerciali","tipologiaUtenza":"Utenza non domestica","descrizione":"Utenze commerciali nei Comuni serviti da Asvo"},{"id":"Proprietari seconda casa","nome":"Proprietari seconda casa","tipologiaUtenza":"Utenza domestica","descrizione":"Profilo dedicato a chi gestisce un'abitazione come NON PRINCIPALE"},{"id":"Turisti","nome":"Turisti","tipologiaUtenza":"Utenza domestica","descrizione":"Profilo utile a chi risiede nel territorio gestito da ASVO per periodi limitati dell'anno, senza continuità in alloggi non adibiti a residenze principali"}],"aree":[],"gestori":[],"istituzioni":[],"puntiRaccolta":[],"riciclabolario":[],"raccolta":[],"colore":[{"nome":"giallo","codice":"#fdc500"},{"nome":"verde chiaro sacchetti","codice":"#6fbc80"},{"nome":"grigio multimateriale","codice":"#b2b2b2"},{"nome":"verde pannolini","codice":"#009641"},{"nome":"marrone","codice":"#593829"},{"nome":"rosso centro ecologico","codice":"#e53312"},{"nome":"arancione","codice":"#ea5b0c"},{"nome":"rosa","codice":"#f08ab7"},{"nome":"ocra","codice":"#ffce54"},{"nome":"blu","codice":"#004b9c"}],"segnalazione":[],"categorie":{"tipologiaUtenza":[{"id":"Utenza domestica","nome":"Utenza domestica"},{"id":"Utenza non domestica","nome":"Utenza non domestica"}],"tipologiaRifiuto":[{"id":"Oggetti in metallo","nome":"Oggetti in metallo"},{"id":"Tossici nocivi bonificati metallo","nome":"Tossici nocivi bonificati metallo"},{"id":"Carta","nome":"Carta"},{"id":"Medicinali","nome":"Medicinali"},{"id":"Batterie","nome":"Batterie"},{"id":"Secco","nome":"Secco"},{"id":"Imballaggi in metallo o ferro","nome":"Imballaggi in metallo o ferro"},{"id":"Cartucce stampante - toner","nome":"Cartucce stampante - toner"},{"id":"Verde - ramaglie","nome":"Verde - ramaglie"},{"id":"Tappi in sughero","nome":"Tappi in sughero"},{"id":"Altro","nome":"Altro"},{"id":"Tossici nocivi bonificati plastica","nome":"Tossici nocivi bonificati plastica"},{"id":"Tossici nocivi bonificati vetro","nome":"Tossici nocivi bonificati vetro"},{"id":"Pile","nome":"Pile"},{"id":"Inerti","nome":"Inerti"},{"id":"Cartone","nome":"Cartone"},{"id":"Imballaggi in plastica","nome":"Imballaggi in plastica"},{"id":"Pannolini - pannoloni","nome":"Pannolini - pannoloni"},{"id":"Olio minerale","nome":"Olio minerale"},{"id":"Tossici nocivi non bonificati","nome":"Tossici nocivi non bonificati"},{"id":"Vetro","nome":"Vetro"},{"id":"Umido","nome":"Umido"},{"id":"Raee","nome":"Raee"},{"id":"Legno","nome":"Legno"},{"id":"Olio vegetale","nome":"Olio vegetale"},{"id":"Pneumatici","nome":"Pneumatici"},{"id":"Abiti usati","nome":"Abiti usati"},{"id":"Oggetti in plastica","nome":"Oggetti in plastica"},{"id":"Tetrapak - carta poliaccoppiata","nome":"Tetrapak - carta poliaccoppiata"},{"id":"Ingombranti","nome":"Ingombranti"},{"id":"Neon","nome":"Neon"}],"tipologiaRaccolta":[{"id":"Stradale vetro, plastica, lattine","nome":"Stradale vetro, plastica, lattine"},{"id":"Porta a porta erba e ramaglie (su prenotazione)","nome":"Porta a porta erba e ramaglie (su prenotazione)"},{"id":"Campana humana - caritas","nome":"Campana humana - caritas"},{"id":"Stradale vetro","nome":"Stradale vetro"},{"id":"Ingombranti (su prenotazione)","nome":"Ingombranti (su prenotazione)"},{"id":"Stradale secco non riciclabile","nome":"Stradale secco non riciclabile"},{"id":"Rifiuti pericolosi","nome":"Rifiuti pericolosi"},{"id":"Porta a porta pannolini","nome":"Porta a porta pannolini"},{"id":"Distribuzione sacchi","nome":"Distribuzione sacchi"},{"id":"Stradale carta e cartone","nome":"Stradale carta e cartone"},{"id":"Porta a porta carta e cartone","nome":"Porta a porta carta e cartone"},{"id":"Erba e ramaglie (punto raccolta territorio)","nome":"Erba e ramaglie (punto raccolta territorio)"},{"id":"Stradale umido","nome":"Stradale umido"},{"id":"Porta a porta erba e ramaglie (a pagamento)","nome":"Porta a porta erba e ramaglie (a pagamento)"},{"id":"Porta a porta cartone","nome":"Porta a porta cartone"},{"id":"Porta a porta umido","nome":"Porta a porta umido"},{"id":"Porta a porta altri imballaggi","nome":"Porta a porta altri imballaggi"},{"id":"Porta a porta imballaggi in plastica, lattine","nome":"Porta a porta imballaggi in plastica, lattine"},{"id":"Ecocentro","nome":"Ecocentro"},{"id":"Acquisto sacchi","nome":"Acquisto sacchi"},{"id":"Porta a porta secco non riciclabile","nome":"Porta a porta secco non riciclabile"},{"id":"Pile - farmaci","nome":"Pile - farmaci"},{"id":"Impianto asvo","nome":"Impianto asvo"},{"id":"Porta a porta vetro, imballaggi in plastica, lattine","nome":"Porta a porta vetro, imballaggi in plastica, lattine"}],"tipologiaPuntiRaccolta":[{"id":"Stradale vetro","nome":"Stradale vetro","descrizione":"","icona":"riciclo-ecobox","type":"CR"},{"id":"Distribuzione sacchi","nome":"Distribuzione sacchi","descrizione":"","icona":"riciclo-rivenditore","type":"CR"},{"id":"Campana caritas - humana","nome":"Campana caritas - humana","descrizione":"","icona":"riciclo-caritas","type":"CR"},{"id":"Erba e ramaglie (su prenotazione)","nome":"Erba e ramaglie (su prenotazione)","descrizione":"","icona":"riciclo-furgone","type":"PP"},{"id":"Stradale vetro, plastica, lattine","nome":"Stradale vetro, plastica, lattine","descrizione":"","icona":"riciclo-ecobox","type":"CR"},{"id":"Porta a porta erba e ramaglie","nome":"Porta a porta erba e ramaglie","descrizione":"","icona":"riciclo-porta_a_porta","type":"PP"},{"id":"Porta a porta pannolini","nome":"Porta a porta pannolini","descrizione":"","icona":"riciclo-porta_a_porta","type":"PP"},{"id":"Porta a porta vetro, imballaggi in plastica, lattine","nome":"Porta a porta vetro, imballaggi in plastica, lattine","descrizione":"","icona":"riciclo-porta_a_porta","type":"PP"},{"id":"Stradale umido","nome":"Stradale umido","descrizione":"","icona":"riciclo-ecobox","type":"CR"},{"id":"Acquisto sacchi","nome":"Acquisto sacchi","descrizione":"","icona":"riciclo-rivenditore","type":"CR"},{"id":"Impianto asvo","nome":"Impianto asvo","descrizione":"","icona":"riciclo-crm","type":"CR"},{"id":"Porta a porta altri imballaggi","nome":"Porta a porta altri imballaggi","descrizione":"","icona":"riciclo-porta_a_porta","type":"PP"},{"id":"Stradale carta e cartone","nome":"Stradale carta e cartone","descrizione":"","icona":"riciclo-ecobox","type":"CR"},{"id":"Porta a porta secco non riciclabile","nome":"Porta a porta secco non riciclabile","descrizione":"","icona":"riciclo-porta_a_porta","type":"PP"},{"id":"Punti raccolta sul territorio","nome":"Punti raccolta sul territorio","descrizione":"","icona":"riciclo-isola_ecologica","type":"CR"},{"id":"Ecocentro","nome":"Ecocentro","descrizione":"","icona":"riciclo-crm","type":"CR"},{"id":"Centro ecologico mobile","nome":"Centro ecologico mobile","descrizione":"","icona":"riciclo-isola_ecologica","type":"CR"},{"id":"Ingombranti (su prenotazione)","nome":"Ingombranti (su prenotazione)","descrizione":"","icona":"riciclo-furgone","type":"PP"},{"id":"Porta a porta carta e cartone","nome":"Porta a porta carta e cartone","descrizione":"","icona":"riciclo-porta_a_porta","type":"PP"},{"id":"Porta a porta erba e ramaglie (a pagamento)","nome":"Porta a porta erba e ramaglie (a pagamento)","descrizione":"","icona":"riciclo-porta_a_porta","type":"PP"},{"id":"Erba e ramaglie (punto raccolta territorio)","nome":"Erba e ramaglie (punto raccolta territorio)","descrizione":"","icona":"riciclo-crz","type":"CR"},{"id":"Porta a porta umido","nome":"Porta a porta umido","descrizione":"","icona":"riciclo-porta_a_porta","type":"PP"},{"id":"Stradale secco non riciclabile","nome":"Stradale secco non riciclabile","descrizione":"","icona":"riciclo-ecobox","type":"CR"},{"id":"Porta a porta imballaggi in plastica, lattine","nome":"Porta a porta imballaggi in plastica, lattine","descrizione":"","icona":"riciclo-porta_a_porta","type":"PP"},{"id":"Porta a porta cartone","nome":"Porta a porta cartone","descrizione":"","icona":"riciclo-porta_a_porta","type":"PP"}],"caratteristicaPuntoRaccolta":[{"id":"IMB_PL_MET","nome":"IMB_PL_MET"},{"id":"GETTONIERA","nome":"GETTONIERA"},{"id":"INDUMENTI","nome":"INDUMENTI"},{"id":"RESIDUO","nome":"RESIDUO"},{"id":"ORGANICO","nome":"ORGANICO"},{"id":"IMB_CARTA","nome":"IMB_CARTA"},{"id":"IMB_VETRO","nome":"IMB_VETRO"}]}}